{
    "client": "Thunder Client",
    "collectionName": "fasz",
    "dateExported": "2023-03-29T15:52:45.465Z",
    "version": "1.1",
    "folders": [],
    "requests": [
        {
            "_id": "0c5e4198-351a-428b-ad18-e07dfafa125a",
            "colId": "166b219f-bb43-434d-9a73-9fb6acc69697",
            "containerId": "",
            "name": "getTermekek",
            "url": "localhost:3000/api/termekek/",
            "method": "GET",
            "sortNum": 10000,
            "created": "2023-03-29T12:57:09.418Z",
            "modified": "2023-03-29T14:56:40.704Z",
            "headers": [],
            "params": [],
            "body": {
                "type": "json",
                "raw": " {\r\n   \"email\": \"szombathelyi.levente@students.jedlik.eu\",\r\n  \"password\": \"schulmannrebeka\"\r\n }",
                "form": []
            },
            "tests": []
        },
        {
            "_id": "5519299d-5850-41ef-91ae-859ad422302b",
            "colId": "166b219f-bb43-434d-9a73-9fb6acc69697",
            "containerId": "",
            "name": "login",
            "url": "localhost:3000/api/auth/login",
            "method": "POST",
            "sortNum": 20000,
            "created": "2023-03-29T14:52:02.703Z",
            "modified": "2023-03-29T14:53:56.036Z",
            "headers": [],
            "params": [],
            "body": {
                "type": "json",
                "raw": "{\n  \"email\":\"szombathelyi.levente@students.jedlik.eu\",\n  \"password\":\"schulmannrebeka\"\n}",
                "form": []
            },
            "auth": {
                "type": "bearer",
                "bearer": "{{TOKEN}}"
            },
            "tests": [
                {
                    "type": "set-env-var",
                    "custom": "json.token",
                    "action": "setto",
                    "value": "{{TOKEN}}"
                }
            ]
        },
        {
            "_id": "3e7698b7-bbb7-40df-8b23-62624287ca59",
            "colId": "166b219f-bb43-434d-9a73-9fb6acc69697",
            "containerId": "",
            "name": "envok?",
            "url": "localhost:3000/api/auth/me",
            "method": "GET",
            "sortNum": 30000,
            "created": "2023-03-29T14:54:13.700Z",
            "modified": "2023-03-29T15:34:15.752Z",
            "headers": [],
            "params": [],
            "auth": {
                "type": "bearer",
                "bearer": "{{TOKEN}}"
            },
            "tests": []
        },
        {
            "_id": "3602e22a-60b3-477d-8ebd-65875600462b",
            "colId": "166b219f-bb43-434d-9a73-9fb6acc69697",
            "containerId": "",
            "name": "getTermek",
            "url": "localhost:3000/api/termekek/63905ba497975260b19d24d5",
            "method": "GET",
            "sortNum": 40000,
            "created": "2023-03-29T14:56:23.755Z",
            "modified": "2023-03-29T15:00:43.460Z",
            "headers": [],
            "params": [],
            "tests": []
        },
        {
            "_id": "fea57680-532a-4668-90d1-f46a736af192",
            "colId": "166b219f-bb43-434d-9a73-9fb6acc69697",
            "containerId": "",
            "name": "postLemez",
            "url": "localhost:3000/api/lemezek/",
            "method": "POST",
            "sortNum": 60000,
            "created": "2023-03-29T14:57:43.393Z",
            "modified": "2023-03-29T15:42:49.959Z",
            "headers": [],
            "params": [],
            "body": {
                "type": "json",
                "raw": "{\r\n  \"lemezcim\": \"Egy buli Leventevel\",\r\n  \"eloado\": \"XTrunter\",\r\n  \"evjarat\": \"2023\",\r\n  \"mufaj\": [\r\n    \"new wave rap\"\r\n  ],\r\n  \"zeneszamok\": [\r\n    \"Lazulás Barniéknál\",\r\n    \"F*szvödör\",\r\n    \"Poratka Szaporítás\",\r\n    \"HumorPor\"\r\n  ]\r\n}",
                "form": []
            },
            "auth": {
                "type": "bearer",
                "bearer": "{{TOKEN}}"
            },
            "tests": []
        },
        {
            "_id": "947279d8-1d4d-4a87-b0a6-a1a4bf6490fc",
            "colId": "166b219f-bb43-434d-9a73-9fb6acc69697",
            "containerId": "",
            "name": "postTermek",
            "url": "localhost:3000/api/lemezek/642452571861ea4192a8ec95/termekek",
            "method": "POST",
            "sortNum": 70000,
            "created": "2023-03-29T15:02:19.107Z",
            "modified": "2023-03-29T15:33:10.883Z",
            "headers": [],
            "params": [],
            "body": {
                "type": "json",
                "raw": "{\r\n  \"egysegar\": 8000,\r\n  \"lemezallapot\": \"használt\",\r\n  \"boritoallapot\": \"használt\",\r\n  \"leiras\": \"igen\",\r\n  \"lemezId\": \"642452571861ea4192a8ec95\"\r\n}",
                "form": []
            },
            "tests": []
        },
        {
            "_id": "ba3450a2-704c-4c0d-96ab-090d369d18ea",
            "colId": "166b219f-bb43-434d-9a73-9fb6acc69697",
            "containerId": "",
            "name": "getLemezek",
            "url": "localhost:3000/api/lemezek/642452571861ea4192a8ec95",
            "method": "GET",
            "sortNum": 80000,
            "created": "2023-03-29T15:12:22.995Z",
            "modified": "2023-03-29T15:14:11.221Z",
            "headers": [],
            "params": [],
            "tests": []
        },
        {
            "_id": "35146fc3-6fc6-4415-a77a-59ef68f5c552",
            "colId": "166b219f-bb43-434d-9a73-9fb6acc69697",
            "containerId": "",
            "name": "register",
            "url": "localhost:3000/api/auth/register",
            "method": "POST",
            "sortNum": 90000,
            "created": "2023-03-29T15:51:28.742Z",
            "modified": "2023-03-29T15:51:44.976Z",
            "headers": [],
            "params": [],
            "tests": []
        }
    ]
}
