{"client":"Thunder Client","collectionName":"Trainings_teszt","dateExported":"2023-01-08T16:26:27.208Z","version":"1.1","folders":[],"requests":[{"_id":"812ca3a7-5870-4f3d-8926-a0772a0bd698","colId":"683ce417-a6f0-4d61-81ba-59f326ebc337","containerId":"","name":"Az összes képzés lekérése","url":"{{URL}}/api/trainings","method":"GET","sortNum":10000,"created":"2023-01-07T15:19:06.141Z","modified":"2023-01-07T15:19:06.141Z","headers":[],"params":[],"tests":[]},{"_id":"a33f6522-e429-4ac5-a40d-fe95e22691df","colId":"683ce417-a6f0-4d61-81ba-59f326ebc337","containerId":"","name":"Új képzés felvitele","url":"{{URL}}/api/trainings/","method":"POST","sortNum":20000,"created":"2023-01-07T15:19:54.508Z","modified":"2023-01-08T16:03:30.806Z","headers":[],"params":[],"body":{"type":"json","raw":"{\n  \t\"name\": \"Devcentral Bootcamp\",\n\t\t\"description\": \"Is coding your passion? Codemasters will give you the skills and the tools to become the best developer possible. We specialize in front end and full stack web development\",\n\t\t\"website\": \"https://devcentral.com\",\n\t\t\"email\": \"enroll@devcentral.com\",\n\t\t\"address\": \"7 Iskola Rd Nyul 9082\",\n\t\t\"careers\": [\n\t\t\t\"Mobile Development\",\n\t\t\t\"Web Development\",\n\t\t\t\"Data Science\",\n\t\t\t\"Business\"\n\t\t],\n\t\t\"housing\": false\n}","form":[]},"tests":[]},{"_id":"146b23da-eca9-4f98-8506-9a9d90c00a3f","colId":"683ce417-a6f0-4d61-81ba-59f326ebc337","containerId":"","name":"Egy képzés lekérése _id alapján","url":"{{URL}}/api/trainings/63bae604ff15c1f45d48ecb1","method":"GET","sortNum":30000,"created":"2023-01-07T15:20:31.817Z","modified":"2023-01-08T16:07:25.609Z","headers":[],"params":[],"tests":[]},{"_id":"d0559e8d-5174-4b45-bb73-2dc00fc93763","colId":"683ce417-a6f0-4d61-81ba-59f326ebc337","containerId":"","name":"Egy képzés törlése","url":"{{URL}}/api/trainings/63bae9312423baf1c2b87ce9","method":"DELETE","sortNum":40000,"created":"2023-01-07T15:20:57.345Z","modified":"2023-01-08T16:22:06.198Z","headers":[],"params":[],"tests":[]},{"_id":"797a99dd-8b96-4123-b221-4a0a1f9494bf","colId":"683ce417-a6f0-4d61-81ba-59f326ebc337","containerId":"","name":"Egy képzés frissítése","url":"{{URL}}/api/trainings/63bae604ff15c1f45d48ecb1","method":"PUT","sortNum":50000,"created":"2023-01-07T15:21:22.656Z","modified":"2023-01-08T16:19:35.078Z","headers":[],"params":[],"body":{"type":"json","raw":"{\n  \"housing\": false\n}","form":[]},"tests":[]}]}
