[{
  "_id": {
    "$oid": "64396a7e9e59d4e9d5fdfb76"
  },
  "user": {
    "$oid": "64396a7e9e59d4e9d5fdfb74"
  },
  "termekek": [
    {
      "$oid": "6423fab5561a5e3064fa9041"
    }
  ],
  "created_at": {
    "$date": "2023-04-14T15:00:14.496Z"
  },
  "__v": 5
},{
  "_id": {
    "$oid": "64397be1a870c4db514d33a7"
  },
  "user": {
    "$oid": "64397be1a870c4db514d33a5"
  },
  "termekek": [
    {
      "$oid": "6423fed50a6f3b8c61e59a8b"
    },
    {
      "$oid": "6423fed50a6f3b8c61e59a8b"
    },
    {
      "$oid": "6423fed50a6f3b8c61e59a8b"
    },
    {
      "$oid": "6423fed50a6f3b8c61e59a8b"
    },
    {
      "$oid": "6423fab5561a5e3064fa9041"
    },
    {
      "$oid": "6423fed40a6f3b8c61e59a88"
    },
    {
      "$oid": "642531f57ee45928a020b433"
    }
  ],
  "created_at": {
    "$date": "2023-04-14T16:14:25.843Z"
  },
  "__v": 21
},{
  "_id": {
    "$oid": "643991f2c8a8a4d9d19706b9"
  },
  "user": {
    "$oid": "643991f2c8a8a4d9d19706b7"
  },
  "termekek": [],
  "created_at": {
    "$date": "2023-04-14T17:48:34.618Z"
  },
  "__v": 2
},{
  "_id": {
    "$oid": "643da3b2d7e25bade2d4040c"
  },
  "user": {
    "$oid": "643da3b2d7e25bade2d4040a"
  },
  "termekek": [],
  "created_at": {
    "$date": "2023-04-17T19:53:22.595Z"
  },
  "__v": 0
},{
  "_id": {
    "$oid": "643f937a9682b53d2f9eb196"
  },
  "user": {
    "$oid": "643f937a9682b53d2f9eb194"
  },
  "termekek": [],
  "created_at": {
    "$date": "2023-04-19T07:08:42.132Z"
  },
  "__v": 0
},{
  "_id": {
    "$oid": "643f9ead24d433c900ff93a9"
  },
  "user": {
    "$oid": "643f9ead24d433c900ff93a7"
  },
  "termekek": [
    {
      "$oid": "63905ba497975260b19d24d5"
    },
    {
      "$oid": "643fcf7eed4c9d4db5b90c1a"
    }
  ],
  "created_at": {
    "$date": "2023-04-19T07:56:29.890Z"
  },
  "__v": 5
},{
  "_id": {
    "$oid": "643fc91e084381b186c390c6"
  },
  "user": {
    "$oid": "643fc91d084381b186c390c4"
  },
  "termekek": [],
  "created_at": {
    "$date": "2023-04-19T10:57:34.017Z"
  },
  "__v": 0
},{
  "_id": {
    "$oid": "643fce959697249b4c199b65"
  },
  "user": {
    "$oid": "643fce959697249b4c199b63"
  },
  "termekek": [],
  "created_at": {
    "$date": "2023-04-19T11:20:53.340Z"
  },
  "__v": 0
},{
  "_id": {
    "$oid": "643fcf489697249b4c199b6c"
  },
  "user": {
    "$oid": "643fcf489697249b4c199b6a"
  },
  "termekek": [],
  "created_at": {
    "$date": "2023-04-19T11:23:52.194Z"
  },
  "__v": 0
},{
  "_id": {
    "$oid": "643fcf909697249b4c199b70"
  },
  "user": {
    "$oid": "643fcf909697249b4c199b6e"
  },
  "termekek": [],
  "created_at": {
    "$date": "2023-04-19T11:25:04.711Z"
  },
  "__v": 0
},{
  "_id": {
    "$oid": "643fd3639697249b4c199b74"
  },
  "user": {
    "$oid": "643fd3639697249b4c199b72"
  },
  "termekek": [],
  "created_at": {
    "$date": "2023-04-19T11:41:23.269Z"
  },
  "__v": 0
},{
  "_id": {
    "$oid": "643fd5776d941cfbef8b1844"
  },
  "user": {
    "$oid": "643fd5776d941cfbef8b1842"
  },
  "termekek": [],
  "created_at": {
    "$date": "2023-04-19T11:50:15.123Z"
  },
  "__v": 0
},{
  "_id": {
    "$oid": "643fd64727088c611a9da69e"
  },
  "user": {
    "$oid": "643fd64627088c611a9da69c"
  },
  "termekek": [],
  "created_at": {
    "$date": "2023-04-19T11:53:43.085Z"
  },
  "__v": 0
},{
  "_id": {
    "$oid": "64400bc62e62073420013d2f"
  },
  "user": {
    "$oid": "64400bc62e62073420013d2d"
  },
  "termekek": [],
  "created_at": {
    "$date": "2023-04-19T15:41:58.846Z"
  },
  "__v": 0
},{
  "_id": {
    "$oid": "64400f1b2e62073420013d46"
  },
  "user": {
    "$oid": "64400f1b2e62073420013d44"
  },
  "termekek": [],
  "created_at": {
    "$date": "2023-04-19T15:56:11.177Z"
  },
  "__v": 0
},{
  "_id": {
    "$oid": "644011aa2e62073420013d4e"
  },
  "user": {
    "$oid": "644011aa2e62073420013d4c"
  },
  "termekek": [],
  "created_at": {
    "$date": "2023-04-19T16:07:06.597Z"
  },
  "__v": 0
},{
  "_id": {
    "$oid": "644012762e62073420013d53"
  },
  "user": {
    "$oid": "644012752e62073420013d51"
  },
  "termekek": [],
  "created_at": {
    "$date": "2023-04-19T16:10:30.026Z"
  },
  "__v": 0
},{
  "_id": {
    "$oid": "644012a92e62073420013d57"
  },
  "user": {
    "$oid": "644012a92e62073420013d55"
  },
  "termekek": [],
  "created_at": {
    "$date": "2023-04-19T16:11:21.550Z"
  },
  "__v": 0
},{
  "_id": {
    "$oid": "644020d62e62073420013d6c"
  },
  "user": {
    "$oid": "644020d62e62073420013d6a"
  },
  "termekek": [],
  "created_at": {
    "$date": "2023-04-19T17:11:50.739Z"
  },
  "__v": 0
},{
  "_id": {
    "$oid": "644033ac2e62073420013d7e"
  },
  "user": {
    "$oid": "644033ac2e62073420013d7c"
  },
  "termekek": [],
  "created_at": {
    "$date": "2023-04-19T18:32:12.574Z"
  },
  "__v": 0
},{
  "_id": {
    "$oid": "644051972e62073420013e11"
  },
  "user": {
    "$oid": "644051972e62073420013e0f"
  },
  "termekek": [],
  "created_at": {
    "$date": "2023-04-19T20:39:51.420Z"
  },
  "__v": 0
},{
  "_id": {
    "$oid": "6440f0bd32eccb268dc66687"
  },
  "user": {
    "$oid": "6440f0bd32eccb268dc66685"
  },
  "termekek": [],
  "created_at": {
    "$date": "2023-04-20T07:58:53.315Z"
  },
  "__v": 0
},{
  "_id": {
    "$oid": "644250e9235582947adb38ba"
  },
  "user": {
    "$oid": "644250e9235582947adb38b8"
  },
  "termekek": [],
  "created_at": {
    "$date": "2023-04-21T09:01:29.251Z"
  },
  "__v": 0
},{
  "_id": {
    "$oid": "644421eee3e6c27b71347404"
  },
  "user": {
    "$oid": "644421eee3e6c27b71347402"
  },
  "termekek": [],
  "created_at": {
    "$date": "2023-04-22T18:05:34.738Z"
  },
  "__v": 0
},{
  "_id": {
    "$oid": "64444c823fbe171589d7802e"
  },
  "user": {
    "$oid": "64444c823fbe171589d7802c"
  },
  "termekek": [],
  "created_at": {
    "$date": "2023-04-22T21:07:14.897Z"
  },
  "__v": 0
},{
  "_id": {
    "$oid": "644646b7401ff6759770251c"
  },
  "user": {
    "$oid": "644646b7401ff6759770251a"
  },
  "termekek": [],
  "created_at": {
    "$date": "2023-04-24T09:07:03.320Z"
  },
  "__v": 0
},{
  "_id": {
    "$oid": "6448f9c37d609b20eb872dc6"
  },
  "user": {
    "$oid": "6448f9c37d609b20eb872dc4"
  },
  "termekek": [],
  "created_at": {
    "$date": "2023-04-26T10:15:31.961Z"
  },
  "__v": 0
},{
  "_id": {
    "$oid": "644aaadd3c1bf37f59aa51dd"
  },
  "user": {
    "$oid": "644aaadd3c1bf37f59aa51db"
  },
  "termekek": [],
  "created_at": {
    "$date": "2023-04-27T17:03:25.376Z"
  },
  "__v": 0
}]